number,name,R,G,B,A,left,right,
0,Unknown,0,0,0,0,false,false,
1,Left-Cerebral-Exterior,70,130,180,0,true,false,
2,Left-Cerebral-White-Matter,245,245,245,0,true,false,
3,Left-Cerebral-Cortex,205,62,78,0,true,false,
4,Left-Lateral-Ventricle,120,18,134,0,true,false,
5,Left-Inf-Lat-Vent,196,58,250,0,true,false,
6,Left-Cerebellum-Exterior,0,148,0,0,true,false,
7,Left-Cerebellum-White-Matter,220,248,164,0,true,false,
8,Left-Cerebellum-Cortex,230,148,34,0,true,false,
9,Left-Thalamus,0,118,14,0,true,false,
10,Left-Thalamus-Proper,0,118,14,0,true,false,
11,Left-Caudate,122,186,220,0,true,false,
12,Left-Putamen,236,13,176,0,true,false,
13,Left-Pallidum,12,48,255,0,true,false,
14,3rd-Ventricle,204,182,142,0,false,false,
15,4th-Ventricle,42,204,164,0,false,false,
16,Brain-Stem,119,159,176,0,false,false,
17,Left-Hippocampus,220,216,20,0,true,false,
18,Left-Amygdala,103,255,255,0,true,false,
19,Left-Insula,80,196,98,0,true,false,
20,Left-Operculum,60,58,210,0,true,false,
21,Line-1,60,58,210,0,false,false,
22,Line-2,60,58,210,0,false,false,
23,Line-3,60,58,210,0,false,false,
24,CSF,60,60,60,0,false,false,
25,Left-Lesion,255,165,0,0,true,false,
26,Left-Accumbens-area,255,165,0,0,true,false,
27,Left-Substancia-Nigra,0,255,127,0,true,false,
28,Left-VentralDC,165,42,42,0,true,false,
29,Left-undetermined,135,206,235,0,true,false,
30,Left-vessel,160,32,240,0,true,false,
31,Left-choroid-plexus,0,200,200,0,true,false,
32,Left-F3orb,100,50,100,0,true,false,
33,Left-lOg,135,50,74,0,true,false,
34,Left-aOg,122,135,50,0,true,false,
35,Left-mOg,51,50,135,0,true,false,
36,Left-pOg,74,155,60,0,true,false,
37,Left-Stellate,120,62,43,0,true,false,
38,Left-Porg,74,155,60,0,true,false,
39,Left-Aorg,122,135,50,0,true,false,
40,Right-Cerebral-Exterior,70,130,180,0,false,true,
41,Right-Cerebral-White-Matter,0,225,0,0,false,true,
42,Right-Cerebral-Cortex,205,62,78,0,false,true,
43,Right-Lateral-Ventricle,120,18,134,0,false,true,
44,Right-Inf-Lat-Vent,196,58,250,0,false,true,
45,Right-Cerebellum-Exterior,0,148,0,0,false,true,
46,Right-Cerebellum-White-Matter,220,248,164,0,false,true,
47,Right-Cerebellum-Cortex,230,148,34,0,false,true,
48,Right-Thalamus,0,118,14,0,false,true,
49,Right-Thalamus-Proper,0,118,14,0,false,true,
50,Right-Caudate,122,186,220,0,false,true,
51,Right-Putamen,236,13,176,0,false,true,
52,Right-Pallidum,13,48,255,0,false,true,
53,Right-Hippocampus,220,216,20,0,false,true,
54,Right-Amygdala,103,255,255,0,false,true,
55,Right-Insula,80,196,98,0,false,true,
56,Right-Operculum,60,58,210,0,false,true,
57,Right-Lesion,255,165,0,0,false,true,
58,Right-Accumbens-area,255,165,0,0,false,true,
59,Right-Substancia-Nigra,0,255,127,0,false,true,
60,Right-VentralDC,165,42,42,0,false,true,
61,Right-undetermined,135,206,235,0,false,true,
62,Right-vessel,160,32,240,0,false,true,
63,Right-choroid-plexus,0,200,221,0,false,true,
64,Right-F3orb,100,50,100,0,false,true,
65,Right-lOg,135,50,74,0,false,true,
66,Right-aOg,122,135,50,0,false,true,
67,Right-mOg,51,50,135,0,false,true,
68,Right-pOg,74,155,60,0,false,true,
69,Right-Stellate,120,62,43,0,false,true,
70,Right-Porg,74,155,60,0,false,true,
71,Right-Aorg,122,135,50,0,false,true,
72,5th-Ventricle,120,190,150,0,false,false,
73,Left-Interior,122,135,50,0,true,false,
74,Right-Interior,122,135,50,0,false,true,
77,WM-hypointensities,200,70,255,0,false,false,
78,Left-WM-hypointensities,255,148,10,0,true,false,
79,Right-WM-hypointensities,255,148,10,0,false,true,
80,non-WM-hypointensities,164,108,226,0,false,false,
81,Left-non-WM-hypointensities,164,108,226,0,true,false,
82,Right-non-WM-hypointensities,164,108,226,0,false,true,
83,Left-F1,255,218,185,0,true,false,
84,Right-F1,255,218,185,0,false,true,
85,Optic-Chiasm,234,169,30,0,false,false,
192,Corpus_Callosum,250,255,50,0,false,false,
86,Left_future_WMSA,200,120,255,0,true,false,
87,Right_future_WMSA,200,121,255,0,false,true,
88,future_WMSA,200,122,255,0,false,false,
96,Left-Amygdala-Anterior,205,10,125,0,true,false,
97,Right-Amygdala-Anterior,205,10,125,0,false,true,
98,Dura,160,32,240,0,false,false,
100,Left-wm-intensity-abnormality,124,140,178,0,true,false,
101,Left-caudate-intensity-abnormality,125,140,178,0,true,false,
102,Left-putamen-intensity-abnormality,126,140,178,0,true,false,
103,Left-accumbens-intensity-abnormality,127,140,178,0,true,false,
104,Left-pallidum-intensity-abnormality,124,141,178,0,true,false,
105,Left-amygdala-intensity-abnormality,124,142,178,0,true,false,
106,Left-hippocampus-intensity-abnormality,124,143,178,0,true,false,
107,Left-thalamus-intensity-abnormality,124,144,178,0,true,false,
108,Left-VDC-intensity-abnormality,124,140,179,0,true,false,
109,Right-wm-intensity-abnormality,124,140,178,0,false,true,
110,Right-caudate-intensity-abnormality,125,140,178,0,false,true,
111,Right-putamen-intensity-abnormality,126,140,178,0,false,true,
112,Right-accumbens-intensity-abnormality,127,140,178,0,false,true,
113,Right-pallidum-intensity-abnormality,124,141,178,0,false,true,
114,Right-amygdala-intensity-abnormality,124,142,178,0,false,true,
115,Right-hippocampus-intensity-abnormality,124,143,178,0,false,true,
116,Right-thalamus-intensity-abnormality,124,144,178,0,false,true,
117,Right-VDC-intensity-abnormality,124,140,179,0,false,true,
118,Epidermis,255,20,147,0,false,false,
119,Conn-Tissue,205,179,139,0,false,false,
120,SC-Fat-Muscle,238,238,209,0,false,false,
121,Cranium,200,200,200,0,false,false,
122,CSF-SA,74,255,74,0,false,false,
123,Muscle,238,0,0,0,false,false,
124,Ear,0,0,139,0,false,false,
125,Adipose,173,255,47,0,false,false,
126,Spinal-Cord,133,203,229,0,false,false,
127,Soft-Tissue,26,237,57,0,false,false,
128,Nerve,34,139,34,0,false,false,
129,Bone,30,144,255,0,false,false,
130,Air,147,19,173,0,false,false,
131,Orbital-Fat,238,59,59,0,false,false,
132,Tongue,221,39,200,0,false,false,
133,Nasal-Structures,238,174,238,0,false,false,
134,Globe,255,0,0,0,false,false,
135,Teeth,72,61,139,0,false,false,
136,Left-Caudate-Putamen,21,39,132,0,true,false,
137,Right-Caudate-Putamen,21,39,132,0,false,true,
138,Left-Claustrum,65,135,20,0,true,false,
139,Right-Claustrum,65,135,20,0,false,true,
140,Cornea,134,4,160,0,false,false,
142,Diploe,221,226,68,0,false,false,
143,Vitreous-Humor,255,255,254,0,false,false,
144,Lens,52,209,226,0,false,false,
145,Aqueous-Humor,239,160,223,0,false,false,
146,Outer-Table,70,130,180,0,false,false,
147,Inner-Table,70,130,181,0,false,false,
148,Periosteum,139,121,94,0,false,false,
149,Endosteum,224,224,224,0,false,false,
150,R-C-S,255,0,0,0,false,false,
151,Iris,205,205,0,0,false,false,
152,SC-Adipose-Muscle,238,238,209,0,false,false,
153,SC-Tissue,139,121,94,0,false,false,
154,Orbital-Adipose,238,59,59,0,false,false,
155,Left-IntCapsule-Ant,238,59,59,0,true,false,
156,Right-IntCapsule-Ant,238,59,59,0,false,true,
157,Left-IntCapsule-Pos,62,10,205,0,true,false,
158,Right-IntCapsule-Pos,62,10,205,0,false,true,
#,These,labels,are,for,babies/children,,,
159,Left-Cerebral-WM-unmyelinated,0,118,14,0,true,false,
160,Right-Cerebral-WM-unmyelinated,0,118,14,0,false,true,
161,Left-Cerebral-WM-myelinated,220,216,21,0,true,false,
162,Right-Cerebral-WM-myelinated,220,216,21,0,false,true,
163,Left-Subcortical-Gray-Matter,122,186,220,0,true,false,
164,Right-Subcortical-Gray-Matter,122,186,220,0,false,true,
165,Skull,255,165,0,0,false,false,
166,Posterior-fossa,14,48,255,0,false,false,
167,Scalp,166,42,42,0,false,false,
168,Hematoma,121,18,134,0,false,false,
169,Left-Basal-Ganglia,236,13,127,0,true,false,
176,Right-Basal-Ganglia,236,13,126,0,false,true,
,,,,,,,,
170,brainstem,119,159,176,0,false,false,
171,DCG,119,0,176,0,false,false,
172,Vermis,119,100,176,0,false,false,
173,Midbrain,119,200,176,0,false,false,
174,Pons,119,159,100,0,false,false,
175,Medulla,119,159,200,0,false,false,
,,,,,,,,
#176,Right-Basal-Ganglia,found,in,babies/children,section,,,
,,,,,,,,
180,Left-Cortical-Dysplasia,73,61,139,0,true,false,
181,Right-Cortical-Dysplasia,73,62,139,0,false,true,
,,,,,,,,
192,Corpus_Callosum,listed,after,#85,above,false,false,
193,Left-hippocampal_fissure,0,196,255,0,true,false,
194,Left-CADG-head,255,164,164,0,true,false,
195,Left-subiculum,196,196,0,0,true,false,
196,Left-fimbria,0,100,255,0,true,false,
197,Right-hippocampal_fissure,128,196,164,0,false,true,
198,Right-CADG-head,0,126,75,0,false,true,
199,Right-subiculum,128,96,64,0,false,true,
200,Right-fimbria,0,50,128,0,false,true,
201,alveus,255,204,153,0,false,false,
202,perforant_pathway,255,128,128,0,false,false,
203,parasubiculum,255,255,0,0,false,false,
204,presubiculum,64,0,64,0,false,false,
205,subiculum,0,0,255,0,false,false,
206,CA1,255,0,0,0,false,false,
207,CA2,128,128,255,0,false,false,
208,CA3,0,128,0,0,false,false,
209,CA4,196,160,128,0,false,false,
210,GC-ML-DG,32,200,255,0,false,false,
211,HATA,128,255,128,0,false,false,
212,fimbria,204,153,204,0,false,false,
213,lateral_ventricle,121,17,136,0,false,false,
214,molecular_layer_HP,128,0,0,0,false,false,
215,hippocampal_fissure,128,32,255,0,false,false,
216,entorhinal_cortex,255,204,102,0,false,false,
217,molecular_layer_subiculum,128,128,128,0,false,false,
218,Amygdala,104,255,255,0,false,false,
219,Cerebral_White_Matter,0,226,0,0,false,false,
220,Cerebral_Cortex,205,63,78,0,false,false,
221,Inf_Lat_Vent,197,58,250,0,false,false,
222,Perirhinal,33,150,250,0,false,false,
223,Cerebral_White_Matter_Edge,226,0,0,0,false,false,
224,Background,100,100,100,0,false,false,
225,Ectorhinal,197,150,250,0,false,false,
226,HP_tail,170,170,255,0,false,false,
,,,,,,,,
250,Fornix,255,0,0,0,false,false,
251,CC_Posterior,0,0,64,0,false,false,
252,CC_Mid_Posterior,0,0,112,0,false,false,
253,CC_Central,0,0,160,0,false,false,
254,CC_Mid_Anterior,0,0,208,0,false,false,
255,CC_Anterior,0,0,255,0,false,false,
,,,,,,,,
#,This,is,for,keeping,track,,,
256,Voxel-Unchanged,0,0,0,0,false,false,
,,,,,,,,
#,lymph,node,and,vascular,labels,,,
331,Aorta,255,0,0,0,false,false,
332,Left-Common-IliacA,255,80,0,0,true,false,
333,Right-Common-IliacA,255,160,0,0,false,true,
334,Left-External-IliacA,255,255,0,0,true,false,
335,Right-External-IliacA,0,255,0,0,false,true,
336,Left-Internal-IliacA,255,0,160,0,true,false,
337,Right-Internal-IliacA,255,0,255,0,false,true,
338,Left-Lateral-SacralA,255,50,80,0,true,false,
339,Right-Lateral-SacralA,80,255,50,0,false,true,
340,Left-ObturatorA,160,255,50,0,true,false,
341,Right-ObturatorA,160,200,255,0,false,true,
342,Left-Internal-PudendalA,0,255,160,0,true,false,
343,Right-Internal-PudendalA,0,0,255,0,false,true,
344,Left-UmbilicalA,80,50,255,0,true,false,
345,Right-UmbilicalA,160,0,255,0,false,true,
346,Left-Inf-RectalA,255,210,0,0,true,false,
347,Right-Inf-RectalA,0,160,255,0,false,true,
348,Left-Common-IliacV,255,200,80,0,true,false,
349,Right-Common-IliacV,255,200,160,0,false,true,
350,Left-External-IliacV,255,80,200,0,true,false,
351,Right-External-IliacV,255,160,200,0,false,true,
352,Left-Internal-IliacV,30,255,80,0,true,false,
353,Right-Internal-IliacV,80,200,255,0,false,true,
354,Left-ObturatorV,80,255,200,0,true,false,
355,Right-ObturatorV,195,255,200,0,false,true,
356,Left-Internal-PudendalV,120,200,20,0,true,false,
357,Right-Internal-PudendalV,170,10,200,0,false,true,
358,Pos-Lymph,20,130,180,0,false,false,
359,Neg-Lymph,20,180,130,0,false,false,
,,,,,,,,
400,V1,206,62,78,0,false,false,
401,V2,121,18,134,0,false,false,
402,BA44,199,58,250,0,false,false,
403,BA45,1,148,0,0,false,false,
404,BA4a,221,248,164,0,false,false,
405,BA4p,231,148,34,0,false,false,
406,BA6,1,118,14,0,false,false,
407,BA2,120,118,14,0,false,false,
408,BA1_old,123,186,221,0,false,false,
409,BAun2,238,13,177,0,false,false,
410,BA1,123,186,220,0,false,false,
411,BA2b,138,13,206,0,false,false,
412,BA3a,238,130,176,0,false,false,
413,BA3b,218,230,76,0,false,false,
414,MT,38,213,176,0,false,false,
415,AIPS_AIP_l,1,225,176,0,true,false,
416,AIPS_AIP_r,1,225,176,0,false,true,
417,AIPS_VIP_l,200,2,100,0,true,false,
418,AIPS_VIP_r,200,2,100,0,false,true,
419,IPL_PFcm_l,5,200,90,0,true,false,
420,IPL_PFcm_r,5,200,90,0,false,true,
421,IPL_PF_l,100,5,200,0,true,false,
422,IPL_PFm_l,25,255,100,0,true,false,
423,IPL_PFm_r,25,255,100,0,false,true,
424,IPL_PFop_l,230,7,100,0,true,false,
425,IPL_PFop_r,230,7,100,0,false,true,
426,IPL_PF_r,100,5,200,0,false,true,
427,IPL_PFt_l,150,10,200,0,true,false,
428,IPL_PFt_r,150,10,200,0,false,true,
429,IPL_PGa_l,175,10,176,0,true,false,
430,IPL_PGa_r,175,10,176,0,false,true,
431,IPL_PGp_l,10,100,255,0,true,false,
432,IPL_PGp_r,10,100,255,0,false,true,
433,Visual_V3d_l,150,45,70,0,true,false,
434,Visual_V3d_r,150,45,70,0,false,true,
435,Visual_V4_l,45,200,15,0,true,false,
436,Visual_V4_r,45,200,15,0,false,true,
437,Visual_V5_b,227,45,100,0,false,false,
438,Visual_VP_l,227,45,100,0,true,false,
439,Visual_VP_r,227,45,100,0,false,true,
,,,,,,,,
#,wm,lesions,,,,,,
498,wmsa,143,188,143,0,false,false,
499,other_wmsa,255,248,220,0,false,false,
,,,,,,,,
#,HiRes,Hippocampus,labeling,,,,,
500,right_CA2_3,17,85,136,0,false,true,
501,right_alveus,119,187,102,0,false,true,
502,right_CA1,204,68,34,0,false,true,
503,right_fimbria,204,0,255,0,false,true,
504,right_presubiculum,221,187,17,0,false,true,
505,right_hippocampal_fissure,153,221,238,0,false,true,
506,right_CA4_DG,51,17,17,0,false,true,
507,right_subiculum,0,119,85,0,false,true,
508,right_fornix,20,100,200,0,false,true,
,,,,,,,,
550,left_CA2_3,17,85,137,0,true,false,
551,left_alveus,119,187,103,0,true,false,
552,left_CA1,204,68,35,0,true,false,
553,left_fimbria,204,0,254,0,true,false,
554,left_presubiculum,221,187,16,0,true,false,
555,left_hippocampal_fissure,153,221,239,0,true,false,
556,left_CA4_DG,51,17,18,0,true,false,
557,left_subiculum,0,119,86,0,true,false,
558,left_fornix,20,100,201,0,true,false,
,,,,,,,,
600,Tumor,254,254,254,0,false,false,
,,,,,,,,
,,,,,,,,
#,Cerebellar,parcellation,labels,from,SUIT,,,
#No.,Label,Name:,R,G,B,,,
601,Cbm_Left_I_IV,70,130,180,0,true,false,
602,Cbm_Right_I_IV,245,245,245,0,false,true,
603,Cbm_Left_V,205,62,78,0,true,false,
604,Cbm_Right_V,120,18,134,0,false,true,
605,Cbm_Left_VI,196,58,250,0,true,false,
606,Cbm_Vermis_VI,0,148,0,0,false,false,
607,Cbm_Right_VI,220,248,164,0,false,true,
608,Cbm_Left_CrusI,230,148,34,0,true,false,
609,Cbm_Vermis_CrusI,0,118,14,0,false,false,
610,Cbm_Right_CrusI,0,118,14,0,false,true,
611,Cbm_Left_CrusII,122,186,220,0,true,false,
612,Cbm_Vermis_CrusII,236,13,176,0,false,false,
613,Cbm_Right_CrusII,12,48,255,0,false,true,
614,Cbm_Left_VIIb,204,182,142,0,true,false,
615,Cbm_Vermis_VIIb,42,204,164,0,false,false,
616,Cbm_Right_VIIb,119,159,176,0,false,true,
617,Cbm_Left_VIIIa,220,216,20,0,true,false,
618,Cbm_Vermis_VIIIa,103,255,255,0,false,false,
619,Cbm_Right_VIIIa,80,196,98,0,false,true,
620,Cbm_Left_VIIIb,60,58,210,0,true,false,
621,Cbm_Vermis_VIIIb,60,58,210,0,false,false,
622,Cbm_Right_VIIIb,60,58,210,0,false,true,
623,Cbm_Left_IX,60,58,210,0,true,false,
624,Cbm_Vermis_IX,60,60,60,0,false,false,
625,Cbm_Right_IX,255,165,0,0,false,true,
626,Cbm_Left_X,255,165,0,0,true,false,
627,Cbm_Vermis_X,0,255,127,0,false,false,
628,Cbm_Right_X,165,42,42,0,false,true,
,,,,,,,,
#,Cerebellar,lobule,parcellations,,,,,
640,Cbm_Right_I_V_med,204,0,0,0,false,true,
641,Cbm_Right_I_V_mid,255,0,0,0,false,true,
642,Cbm_Right_VI_med,0,0,255,0,false,true,
643,Cbm_Right_VI_mid,30,144,255,0,false,true,
644,Cbm_Right_VI_lat,100,212,237,0,false,true,
645,Cbm_Right_CrusI_med,218,165,32,0,false,true,
646,Cbm_Right_CrusI_mid,255,215,0,0,false,true,
647,Cbm_Right_CrusI_lat,255,255,166,0,false,true,
648,Cbm_Right_CrusII_med,153,0,204,0,false,true,
649,Cbm_Right_CrusII_mid,153,141,209,0,false,true,
650,Cbm_Right_CrusII_lat,204,204,255,0,false,true,
651,Cbm_Right_7med,31,212,194,0,false,true,
652,Cbm_Right_7mid,3,255,237,0,false,true,
653,Cbm_Right_7lat,204,255,255,0,false,true,
654,Cbm_Right_8med,86,74,147,0,false,true,
655,Cbm_Right_8mid,114,114,190,0,false,true,
656,Cbm_Right_8lat,184,178,255,0,false,true,
657,Cbm_Right_PUNs,126,138,37,0,false,true,
658,Cbm_Right_TONs,189,197,117,0,false,true,
659,Cbm_Right_FLOs,240,230,140,0,false,true,
660,Cbm_Left_I_V_med,204,0,0,0,true,false,
661,Cbm_Left_I_V_mid,255,0,0,0,true,false,
662,Cbm_Left_VI_med,0,0,255,0,true,false,
663,Cbm_Left_VI_mid,30,144,255,0,true,false,
664,Cbm_Left_VI_lat,100,212,237,0,true,false,
665,Cbm_Left_CrusI_med,218,165,32,0,true,false,
666,Cbm_Left_CrusI_mid,255,215,0,0,true,false,
667,Cbm_Left_CrusI_lat,255,255,166,0,true,false,
668,Cbm_Left_CrusII_med,153,0,204,0,true,false,
669,Cbm_Left_CrusII_mid,153,141,209,0,true,false,
670,Cbm_Left_CrusII_lat,204,204,255,0,true,false,
671,Cbm_Left_7med,31,212,194,0,true,false,
672,Cbm_Left_7mid,3,255,237,0,true,false,
673,Cbm_Left_7lat,204,255,255,0,true,false,
674,Cbm_Left_8med,86,74,147,0,true,false,
675,Cbm_Left_8mid,114,114,190,0,true,false,
676,Cbm_Left_8lat,184,178,255,0,true,false,
677,Cbm_Left_PUNs,126,138,37,0,true,false,
678,Cbm_Left_TONs,189,197,117,0,true,false,
679,Cbm_Left_FLOs,240,230,140,0,true,false,
,,,,,,,,
701,CSF-FSL-FAST,120,18,134,0,false,false,
702,GrayMatter-FSL-FAST,205,62,78,0,false,false,
703,WhiteMatter-FSL-FAST,0,225,0,0,false,false,
,,,,,,,,
999,SUSPICIOUS,255,100,100,0,false,false,
,,,,,,,,
#,Below,is,the,color,table,,,
#,created,by,mri_aparc2aseg,in,which,,,
#,by,the,labels,in,the,,,
#,eventually,be,created,by,mri_aparc2aseg.,,,
#,do,not,change,from,above.,,,
#,"colortable_desikan_killiany.txt,",except,that,left,hemisphere,,,
#,1000,added,to,the,index,,,
#,names,are,also,prepended,with,,,
#,labels,are,the,same,as,,,
#,that,left,hemisphere,has,3000,,,
#,4000,added.,The,label,names,,,
#,Centrum,semiovale,is,also,labled,,,
#,Even,further,below,are,the,,,
,,,,,,,,
#No.,Label,Name:,R,G,B,Left,Right,
1000,ctx-lh-unknown,25,5,25,0,true,false,
1001,ctx-lh-bankssts,25,100,40,0,true,false,
1002,ctx-lh-caudalanteriorcingulate,125,100,160,0,true,false,
1003,ctx-lh-caudalmiddlefrontal,100,25,0,0,true,false,
1004,ctx-lh-corpuscallosum,120,70,50,0,true,false,
1005,ctx-lh-cuneus,220,20,100,0,true,false,
1006,ctx-lh-entorhinal,220,20,10,0,true,false,
1007,ctx-lh-fusiform,180,220,140,0,true,false,
1008,ctx-lh-inferiorparietal,220,60,220,0,true,false,
1009,ctx-lh-inferiortemporal,180,40,120,0,true,false,
1010,ctx-lh-isthmuscingulate,140,20,140,0,true,false,
1011,ctx-lh-lateraloccipital,20,30,140,0,true,false,
1012,ctx-lh-lateralorbitofrontal,35,75,50,0,true,false,
1013,ctx-lh-lingual,225,140,140,0,true,false,
1014,ctx-lh-medialorbitofrontal,200,35,75,0,true,false,
1015,ctx-lh-middletemporal,160,100,50,0,true,false,
1016,ctx-lh-parahippocampal,20,220,60,0,true,false,
1017,ctx-lh-paracentral,60,220,60,0,true,false,
1018,ctx-lh-parsopercularis,220,180,140,0,true,false,
1019,ctx-lh-parsorbitalis,20,100,50,0,true,false,
1020,ctx-lh-parstriangularis,220,60,20,0,true,false,
1021,ctx-lh-pericalcarine,120,100,60,0,true,false,
1022,ctx-lh-postcentral,220,20,20,0,true,false,
1023,ctx-lh-posteriorcingulate,220,180,220,0,true,false,
1024,ctx-lh-precentral,60,20,220,0,true,false,
1025,ctx-lh-precuneus,160,140,180,0,true,false,
1026,ctx-lh-rostralanteriorcingulate,80,20,140,0,true,false,
1027,ctx-lh-rostralmiddlefrontal,75,50,125,0,true,false,
1028,ctx-lh-superiorfrontal,20,220,160,0,true,false,
1029,ctx-lh-superiorparietal,20,180,140,0,true,false,
1030,ctx-lh-superiortemporal,140,220,220,0,true,false,
1031,ctx-lh-supramarginal,80,160,20,0,true,false,
1032,ctx-lh-frontalpole,100,0,100,0,true,false,
1033,ctx-lh-temporalpole,70,70,70,0,true,false,
1034,ctx-lh-transversetemporal,150,150,200,0,true,false,
1035,ctx-lh-insula,255,192,32,0,true,false,
,,,,,,,,
2000,ctx-rh-unknown,25,5,25,0,false,true,
2001,ctx-rh-bankssts,25,100,40,0,false,true,
2002,ctx-rh-caudalanteriorcingulate,125,100,160,0,false,true,
2003,ctx-rh-caudalmiddlefrontal,100,25,0,0,false,true,
2004,ctx-rh-corpuscallosum,120,70,50,0,false,true,
2005,ctx-rh-cuneus,220,20,100,0,false,true,
2006,ctx-rh-entorhinal,220,20,10,0,false,true,
2007,ctx-rh-fusiform,180,220,140,0,false,true,
2008,ctx-rh-inferiorparietal,220,60,220,0,false,true,
2009,ctx-rh-inferiortemporal,180,40,120,0,false,true,
2010,ctx-rh-isthmuscingulate,140,20,140,0,false,true,
2011,ctx-rh-lateraloccipital,20,30,140,0,false,true,
2012,ctx-rh-lateralorbitofrontal,35,75,50,0,false,true,
2013,ctx-rh-lingual,225,140,140,0,false,true,
2014,ctx-rh-medialorbitofrontal,200,35,75,0,false,true,
2015,ctx-rh-middletemporal,160,100,50,0,false,true,
2016,ctx-rh-parahippocampal,20,220,60,0,false,true,
2017,ctx-rh-paracentral,60,220,60,0,false,true,
2018,ctx-rh-parsopercularis,220,180,140,0,false,true,
2019,ctx-rh-parsorbitalis,20,100,50,0,false,true,
2020,ctx-rh-parstriangularis,220,60,20,0,false,true,
2021,ctx-rh-pericalcarine,120,100,60,0,false,true,
2022,ctx-rh-postcentral,220,20,20,0,false,true,
2023,ctx-rh-posteriorcingulate,220,180,220,0,false,true,
2024,ctx-rh-precentral,60,20,220,0,false,true,
2025,ctx-rh-precuneus,160,140,180,0,false,true,
2026,ctx-rh-rostralanteriorcingulate,80,20,140,0,false,true,
2027,ctx-rh-rostralmiddlefrontal,75,50,125,0,false,true,
2028,ctx-rh-superiorfrontal,20,220,160,0,false,true,
2029,ctx-rh-superiorparietal,20,180,140,0,false,true,
2030,ctx-rh-superiortemporal,140,220,220,0,false,true,
2031,ctx-rh-supramarginal,80,160,20,0,false,true,
2032,ctx-rh-frontalpole,100,0,100,0,false,true,
2033,ctx-rh-temporalpole,70,70,70,0,false,true,
2034,ctx-rh-transversetemporal,150,150,200,0,false,true,
2035,ctx-rh-insula,255,192,32,0,false,true,
,,,,,,,,
3000,wm-lh-unknown,230,250,230,0,true,false,
3001,wm-lh-bankssts,230,155,215,0,true,false,
3002,wm-lh-caudalanteriorcingulate,130,155,95,0,true,false,
3003,wm-lh-caudalmiddlefrontal,155,230,255,0,true,false,
3004,wm-lh-corpuscallosum,135,185,205,0,true,false,
3005,wm-lh-cuneus,35,235,155,0,true,false,
3006,wm-lh-entorhinal,35,235,245,0,true,false,
3007,wm-lh-fusiform,75,35,115,0,true,false,
3008,wm-lh-inferiorparietal,35,195,35,0,true,false,
3009,wm-lh-inferiortemporal,75,215,135,0,true,false,
3010,wm-lh-isthmuscingulate,115,235,115,0,true,false,
3011,wm-lh-lateraloccipital,235,225,115,0,true,false,
3012,wm-lh-lateralorbitofrontal,220,180,205,0,true,false,
3013,wm-lh-lingual,30,115,115,0,true,false,
3014,wm-lh-medialorbitofrontal,55,220,180,0,true,false,
3015,wm-lh-middletemporal,95,155,205,0,true,false,
3016,wm-lh-parahippocampal,235,35,195,0,true,false,
3017,wm-lh-paracentral,195,35,195,0,true,false,
3018,wm-lh-parsopercularis,35,75,115,0,true,false,
3019,wm-lh-parsorbitalis,235,155,205,0,true,false,
3020,wm-lh-parstriangularis,35,195,235,0,true,false,
3021,wm-lh-pericalcarine,135,155,195,0,true,false,
3022,wm-lh-postcentral,35,235,235,0,true,false,
3023,wm-lh-posteriorcingulate,35,75,35,0,true,false,
3024,wm-lh-precentral,195,235,35,0,true,false,
3025,wm-lh-precuneus,95,115,75,0,true,false,
3026,wm-lh-rostralanteriorcingulate,175,235,115,0,true,false,
3027,wm-lh-rostralmiddlefrontal,180,205,130,0,true,false,
3028,wm-lh-superiorfrontal,235,35,95,0,true,false,
3029,wm-lh-superiorparietal,235,75,115,0,true,false,
3030,wm-lh-superiortemporal,115,35,35,0,true,false,
3031,wm-lh-supramarginal,175,95,235,0,true,false,
3032,wm-lh-frontalpole,155,255,155,0,true,false,
3033,wm-lh-temporalpole,185,185,185,0,true,false,
3034,wm-lh-transversetemporal,105,105,55,0,true,false,
3035,wm-lh-insula,254,191,31,0,true,false,
,,,,,,,,
4000,wm-rh-unknown,230,250,230,0,false,true,
4001,wm-rh-bankssts,230,155,215,0,false,true,
4002,wm-rh-caudalanteriorcingulate,130,155,95,0,false,true,
4003,wm-rh-caudalmiddlefrontal,155,230,255,0,false,true,
4004,wm-rh-corpuscallosum,135,185,205,0,false,true,
4005,wm-rh-cuneus,35,235,155,0,false,true,
4006,wm-rh-entorhinal,35,235,245,0,false,true,
4007,wm-rh-fusiform,75,35,115,0,false,true,
4008,wm-rh-inferiorparietal,35,195,35,0,false,true,
4009,wm-rh-inferiortemporal,75,215,135,0,false,true,
4010,wm-rh-isthmuscingulate,115,235,115,0,false,true,
4011,wm-rh-lateraloccipital,235,225,115,0,false,true,
4012,wm-rh-lateralorbitofrontal,220,180,205,0,false,true,
4013,wm-rh-lingual,30,115,115,0,false,true,
4014,wm-rh-medialorbitofrontal,55,220,180,0,false,true,
4015,wm-rh-middletemporal,95,155,205,0,false,true,
4016,wm-rh-parahippocampal,235,35,195,0,false,true,
4017,wm-rh-paracentral,195,35,195,0,false,true,
4018,wm-rh-parsopercularis,35,75,115,0,false,true,
4019,wm-rh-parsorbitalis,235,155,205,0,false,true,
4020,wm-rh-parstriangularis,35,195,235,0,false,true,
4021,wm-rh-pericalcarine,135,155,195,0,false,true,
4022,wm-rh-postcentral,35,235,235,0,false,true,
4023,wm-rh-posteriorcingulate,35,75,35,0,false,true,
4024,wm-rh-precentral,195,235,35,0,false,true,
4025,wm-rh-precuneus,95,115,75,0,false,true,
4026,wm-rh-rostralanteriorcingulate,175,235,115,0,false,true,
4027,wm-rh-rostralmiddlefrontal,180,205,130,0,false,true,
4028,wm-rh-superiorfrontal,235,35,95,0,false,true,
4029,wm-rh-superiorparietal,235,75,115,0,false,true,
4030,wm-rh-superiortemporal,115,35,35,0,false,true,
4031,wm-rh-supramarginal,175,95,235,0,false,true,
4032,wm-rh-frontalpole,155,255,155,0,false,true,
4033,wm-rh-temporalpole,185,185,185,0,false,true,
4034,wm-rh-transversetemporal,105,105,55,0,false,true,
4035,wm-rh-insula,254,191,31,0,false,true,
,,,,,,,,
#,Below,is,the,color,table,,,
#,created,by,mri_aparc2aseg,(with,#NAME?,,,
#,cortex,label,is,replaced,by,,,
#,cortical,labels,are,the,same,,,
#,except,that,left,hemisphere,has,,,
#,right,has,2100,added.,The,,,
#,ctx-lh,or,ctx-rh.,The,aparc.a2009s,,,
,,,,,,,,
#No.,Label,Name:,R,G,B,Left,Right,
1100,ctx-lh-Unknown,0,0,0,0,true,false,
1101,ctx-lh-Corpus_callosum,50,50,50,0,true,false,
1102,ctx-lh-G_and_S_Insula_ONLY_AVERAGE,180,20,30,0,true,false,
1103,ctx-lh-G_cingulate-Isthmus,60,25,25,0,true,false,
1104,ctx-lh-G_cingulate-Main_part,25,60,60,0,true,false,
,,,,,,,,
1200,ctx-lh-G_cingulate-caudal_ACC,25,60,61,0,true,false,
1201,ctx-lh-G_cingulate-rostral_ACC,25,90,60,0,true,false,
1202,ctx-lh-G_cingulate-posterior,25,120,60,0,true,false,
,,,,,,,,
1205,ctx-lh-S_cingulate-caudal_ACC,25,150,60,0,true,false,
1206,ctx-lh-S_cingulate-rostral_ACC,25,180,60,0,true,false,
1207,ctx-lh-S_cingulate-posterior,25,210,60,0,true,false,
,,,,,,,,
1210,ctx-lh-S_pericallosal-caudal,25,150,90,0,true,false,
1211,ctx-lh-S_pericallosal-rostral,25,180,90,0,true,false,
1212,ctx-lh-S_pericallosal-posterior,25,210,90,0,true,false,
,,,,,,,,
1105,ctx-lh-G_cuneus,180,20,20,0,true,false,
1106,ctx-lh-G_frontal_inf-Opercular_part,220,20,100,0,true,false,
1107,ctx-lh-G_frontal_inf-Orbital_part,140,60,60,0,true,false,
1108,ctx-lh-G_frontal_inf-Triangular_part,180,220,140,0,true,false,
1109,ctx-lh-G_frontal_middle,140,100,180,0,true,false,
1110,ctx-lh-G_frontal_superior,180,20,140,0,true,false,
1111,ctx-lh-G_frontomarginal,140,20,140,0,true,false,
1112,ctx-lh-G_insular_long,21,10,10,0,true,false,
1113,ctx-lh-G_insular_short,225,140,140,0,true,false,
1114,ctx-lh-G_and_S_occipital_inferior,23,60,180,0,true,false,
1115,ctx-lh-G_occipital_middle,180,60,180,0,true,false,
1116,ctx-lh-G_occipital_superior,20,220,60,0,true,false,
1117,ctx-lh-G_occipit-temp_lat-Or_fusiform,60,20,140,0,true,false,
1118,ctx-lh-G_occipit-temp_med-Lingual_part,220,180,140,0,true,false,
1119,ctx-lh-G_occipit-temp_med-Parahippocampal_part,65,100,20,0,true,false,
1120,ctx-lh-G_orbital,220,60,20,0,true,false,
1121,ctx-lh-G_paracentral,60,100,60,0,true,false,
1122,ctx-lh-G_parietal_inferior-Angular_part,20,60,220,0,true,false,
1123,ctx-lh-G_parietal_inferior-Supramarginal_part,100,100,60,0,true,false,
1124,ctx-lh-G_parietal_superior,220,180,220,0,true,false,
1125,ctx-lh-G_postcentral,20,180,140,0,true,false,
1126,ctx-lh-G_precentral,60,140,180,0,true,false,
1127,ctx-lh-G_precuneus,25,20,140,0,true,false,
1128,ctx-lh-G_rectus,20,60,100,0,true,false,
1129,ctx-lh-G_subcallosal,60,220,20,0,true,false,
1130,ctx-lh-G_subcentral,60,20,220,0,true,false,
1131,ctx-lh-G_temporal_inferior,220,220,100,0,true,false,
1132,ctx-lh-G_temporal_middle,180,60,60,0,true,false,
1133,ctx-lh-G_temp_sup-G_temp_transv_and_interm_S,60,60,220,0,true,false,
1134,ctx-lh-G_temp_sup-Lateral_aspect,220,60,220,0,true,false,
1135,ctx-lh-G_temp_sup-Planum_polare,65,220,60,0,true,false,
1136,ctx-lh-G_temp_sup-Planum_tempolare,25,140,20,0,true,false,
1137,ctx-lh-G_and_S_transverse_frontopolar,13,0,250,0,true,false,
1138,ctx-lh-Lat_Fissure-ant_sgt-ramus_horizontal,61,20,220,0,true,false,
1139,ctx-lh-Lat_Fissure-ant_sgt-ramus_vertical,61,20,60,0,true,false,
1140,ctx-lh-Lat_Fissure-post_sgt,61,60,100,0,true,false,
1141,ctx-lh-Medial_wall,25,25,25,0,true,false,
1142,ctx-lh-Pole_occipital,140,20,60,0,true,false,
1143,ctx-lh-Pole_temporal,220,180,20,0,true,false,
1144,ctx-lh-S_calcarine,63,180,180,0,true,false,
1145,ctx-lh-S_central,221,20,10,0,true,false,
1146,ctx-lh-S_central_insula,21,220,20,0,true,false,
1147,ctx-lh-S_cingulate-Main_part_and_Intracingulate,183,100,20,0,true,false,
1148,ctx-lh-S_cingulate-Marginalis_part,221,20,100,0,true,false,
1149,ctx-lh-S_circular_insula_anterior,221,60,140,0,true,false,
1150,ctx-lh-S_circular_insula_inferior,221,20,220,0,true,false,
1151,ctx-lh-S_circular_insula_superior,61,220,220,0,true,false,
1152,ctx-lh-S_collateral_transverse_ant,100,200,200,0,true,false,
1153,ctx-lh-S_collateral_transverse_post,10,200,200,0,true,false,
1154,ctx-lh-S_frontal_inferior,221,220,20,0,true,false,
1155,ctx-lh-S_frontal_middle,141,20,100,0,true,false,
1156,ctx-lh-S_frontal_superior,61,220,100,0,true,false,
1157,ctx-lh-S_frontomarginal,21,220,60,0,true,false,
1158,ctx-lh-S_intermedius_primus-Jensen,141,60,20,0,true,false,
1159,ctx-lh-S_intraparietal-and_Parietal_transverse,143,20,220,0,true,false,
1160,ctx-lh-S_occipital_anterior,61,20,180,0,true,false,
1161,ctx-lh-S_occipital_middle_and_Lunatus,101,60,220,0,true,false,
1162,ctx-lh-S_occipital_superior_and_transversalis,21,20,140,0,true,false,
1163,ctx-lh-S_occipito-temporal_lateral,221,140,20,0,true,false,
1164,ctx-lh-S_occipito-temporal_medial_and_S_Lingual,141,100,220,0,true,false,
1165,ctx-lh-S_orbital-H_shapped,101,20,20,0,true,false,
1166,ctx-lh-S_orbital_lateral,221,100,20,0,true,false,
1167,ctx-lh-S_orbital_medial-Or_olfactory,181,200,20,0,true,false,
1168,ctx-lh-S_paracentral,21,180,140,0,true,false,
1169,ctx-lh-S_parieto_occipital,101,100,180,0,true,false,
1170,ctx-lh-S_pericallosal,181,220,20,0,true,false,
1171,ctx-lh-S_postcentral,21,140,200,0,true,false,
1172,ctx-lh-S_precentral-Inferior-part,21,20,240,0,true,false,
1173,ctx-lh-S_precentral-Superior-part,21,20,200,0,true,false,
1174,ctx-lh-S_subcentral_ant,61,180,60,0,true,false,
1175,ctx-lh-S_subcentral_post,61,180,250,0,true,false,
1176,ctx-lh-S_suborbital,21,20,60,0,true,false,
1177,ctx-lh-S_subparietal,101,60,60,0,true,false,
1178,ctx-lh-S_supracingulate,21,220,220,0,true,false,
1179,ctx-lh-S_temporal_inferior,21,180,180,0,true,false,
1180,ctx-lh-S_temporal_superior,223,220,60,0,true,false,
1181,ctx-lh-S_temporal_transverse,221,60,60,0,true,false,
,,,,,,,,
2100,ctx-rh-Unknown,0,0,0,0,false,true,
2101,ctx-rh-Corpus_callosum,50,50,50,0,false,true,
2102,ctx-rh-G_and_S_Insula_ONLY_AVERAGE,180,20,30,0,false,true,
2103,ctx-rh-G_cingulate-Isthmus,60,25,25,0,false,true,
2104,ctx-rh-G_cingulate-Main_part,25,60,60,0,false,true,
,,,,,,,,
2105,ctx-rh-G_cuneus,180,20,20,0,false,true,
2106,ctx-rh-G_frontal_inf-Opercular_part,220,20,100,0,false,true,
2107,ctx-rh-G_frontal_inf-Orbital_part,140,60,60,0,false,true,
2108,ctx-rh-G_frontal_inf-Triangular_part,180,220,140,0,false,true,
2109,ctx-rh-G_frontal_middle,140,100,180,0,false,true,
2110,ctx-rh-G_frontal_superior,180,20,140,0,false,true,
2111,ctx-rh-G_frontomarginal,140,20,140,0,false,true,
2112,ctx-rh-G_insular_long,21,10,10,0,false,true,
2113,ctx-rh-G_insular_short,225,140,140,0,false,true,
2114,ctx-rh-G_and_S_occipital_inferior,23,60,180,0,false,true,
2115,ctx-rh-G_occipital_middle,180,60,180,0,false,true,
2116,ctx-rh-G_occipital_superior,20,220,60,0,false,true,
2117,ctx-rh-G_occipit-temp_lat-Or_fusiform,60,20,140,0,false,true,
2118,ctx-rh-G_occipit-temp_med-Lingual_part,220,180,140,0,false,true,
2119,ctx-rh-G_occipit-temp_med-Parahippocampal_part,65,100,20,0,false,true,
2120,ctx-rh-G_orbital,220,60,20,0,false,true,
2121,ctx-rh-G_paracentral,60,100,60,0,false,true,
2122,ctx-rh-G_parietal_inferior-Angular_part,20,60,220,0,false,true,
2123,ctx-rh-G_parietal_inferior-Supramarginal_part,100,100,60,0,false,true,
2124,ctx-rh-G_parietal_superior,220,180,220,0,false,true,
2125,ctx-rh-G_postcentral,20,180,140,0,false,true,
2126,ctx-rh-G_precentral,60,140,180,0,false,true,
2127,ctx-rh-G_precuneus,25,20,140,0,false,true,
2128,ctx-rh-G_rectus,20,60,100,0,false,true,
2129,ctx-rh-G_subcallosal,60,220,20,0,false,true,
2130,ctx-rh-G_subcentral,60,20,220,0,false,true,
2131,ctx-rh-G_temporal_inferior,220,220,100,0,false,true,
2132,ctx-rh-G_temporal_middle,180,60,60,0,false,true,
2133,ctx-rh-G_temp_sup-G_temp_transv_and_interm_S,60,60,220,0,false,true,
2134,ctx-rh-G_temp_sup-Lateral_aspect,220,60,220,0,false,true,
2135,ctx-rh-G_temp_sup-Planum_polare,65,220,60,0,false,true,
2136,ctx-rh-G_temp_sup-Planum_tempolare,25,140,20,0,false,true,
2137,ctx-rh-G_and_S_transverse_frontopolar,13,0,250,0,false,true,
2138,ctx-rh-Lat_Fissure-ant_sgt-ramus_horizontal,61,20,220,0,false,true,
2139,ctx-rh-Lat_Fissure-ant_sgt-ramus_vertical,61,20,60,0,false,true,
2140,ctx-rh-Lat_Fissure-post_sgt,61,60,100,0,false,true,
2141,ctx-rh-Medial_wall,25,25,25,0,false,true,
2142,ctx-rh-Pole_occipital,140,20,60,0,false,true,
2143,ctx-rh-Pole_temporal,220,180,20,0,false,true,
2144,ctx-rh-S_calcarine,63,180,180,0,false,true,
2145,ctx-rh-S_central,221,20,10,0,false,true,
2146,ctx-rh-S_central_insula,21,220,20,0,false,true,
2147,ctx-rh-S_cingulate-Main_part_and_Intracingulate,183,100,20,0,false,true,
2148,ctx-rh-S_cingulate-Marginalis_part,221,20,100,0,false,true,
2149,ctx-rh-S_circular_insula_anterior,221,60,140,0,false,true,
2150,ctx-rh-S_circular_insula_inferior,221,20,220,0,false,true,
2151,ctx-rh-S_circular_insula_superior,61,220,220,0,false,true,
2152,ctx-rh-S_collateral_transverse_ant,100,200,200,0,false,true,
2153,ctx-rh-S_collateral_transverse_post,10,200,200,0,false,true,
2154,ctx-rh-S_frontal_inferior,221,220,20,0,false,true,
2155,ctx-rh-S_frontal_middle,141,20,100,0,false,true,
2156,ctx-rh-S_frontal_superior,61,220,100,0,false,true,
2157,ctx-rh-S_frontomarginal,21,220,60,0,false,true,
2158,ctx-rh-S_intermedius_primus-Jensen,141,60,20,0,false,true,
2159,ctx-rh-S_intraparietal-and_Parietal_transverse,143,20,220,0,false,true,
2160,ctx-rh-S_occipital_anterior,61,20,180,0,false,true,
2161,ctx-rh-S_occipital_middle_and_Lunatus,101,60,220,0,false,true,
2162,ctx-rh-S_occipital_superior_and_transversalis,21,20,140,0,false,true,
2163,ctx-rh-S_occipito-temporal_lateral,221,140,20,0,false,true,
2164,ctx-rh-S_occipito-temporal_medial_and_S_Lingual,141,100,220,0,false,true,
2165,ctx-rh-S_orbital-H_shapped,101,20,20,0,false,true,
2166,ctx-rh-S_orbital_lateral,221,100,20,0,false,true,
2167,ctx-rh-S_orbital_medial-Or_olfactory,181,200,20,0,false,true,
2168,ctx-rh-S_paracentral,21,180,140,0,false,true,
2169,ctx-rh-S_parieto_occipital,101,100,180,0,false,true,
2170,ctx-rh-S_pericallosal,181,220,20,0,false,true,
2171,ctx-rh-S_postcentral,21,140,200,0,false,true,
2172,ctx-rh-S_precentral-Inferior-part,21,20,240,0,false,true,
2173,ctx-rh-S_precentral-Superior-part,21,20,200,0,false,true,
2174,ctx-rh-S_subcentral_ant,61,180,60,0,false,true,
2175,ctx-rh-S_subcentral_post,61,180,250,0,false,true,
2176,ctx-rh-S_suborbital,21,20,60,0,false,true,
2177,ctx-rh-S_subparietal,101,60,60,0,false,true,
2178,ctx-rh-S_supracingulate,21,220,220,0,false,true,
2179,ctx-rh-S_temporal_inferior,21,180,180,0,false,true,
2180,ctx-rh-S_temporal_superior,223,220,60,0,false,true,
2181,ctx-rh-S_temporal_transverse,221,60,60,0,false,true,
,,,,,,,,
,,,,,,,,
2200,ctx-rh-G_cingulate-caudal_ACC,25,60,61,0,false,true,
2201,ctx-rh-G_cingulate-rostral_ACC,25,90,60,0,false,true,
2202,ctx-rh-G_cingulate-posterior,25,120,60,0,false,true,
,,,,,,,,
2205,ctx-rh-S_cingulate-caudal_ACC,25,150,60,0,false,true,
2206,ctx-rh-S_cingulate-rostral_ACC,25,180,60,0,false,true,
2207,ctx-rh-S_cingulate-posterior,25,210,60,0,false,true,
,,,,,,,,
2210,ctx-rh-S_pericallosal-caudal,25,150,90,0,false,true,
2211,ctx-rh-S_pericallosal-rostral,25,180,90,0,false,true,
2212,ctx-rh-S_pericallosal-posterior,25,210,90,0,false,true,
,,,,,,,,
3100,wm-lh-Unknown,0,0,0,0,true,false,
3101,wm-lh-Corpus_callosum,50,50,50,0,true,false,
3102,wm-lh-G_and_S_Insula_ONLY_AVERAGE,180,20,30,0,true,false,
3103,wm-lh-G_cingulate-Isthmus,60,25,25,0,true,false,
3104,wm-lh-G_cingulate-Main_part,25,60,60,0,true,false,
3105,wm-lh-G_cuneus,180,20,20,0,true,false,
3106,wm-lh-G_frontal_inf-Opercular_part,220,20,100,0,true,false,
3107,wm-lh-G_frontal_inf-Orbital_part,140,60,60,0,true,false,
3108,wm-lh-G_frontal_inf-Triangular_part,180,220,140,0,true,false,
3109,wm-lh-G_frontal_middle,140,100,180,0,true,false,
3110,wm-lh-G_frontal_superior,180,20,140,0,true,false,
3111,wm-lh-G_frontomarginal,140,20,140,0,true,false,
3112,wm-lh-G_insular_long,21,10,10,0,true,false,
3113,wm-lh-G_insular_short,225,140,140,0,true,false,
3114,wm-lh-G_and_S_occipital_inferior,23,60,180,0,true,false,
3115,wm-lh-G_occipital_middle,180,60,180,0,true,false,
3116,wm-lh-G_occipital_superior,20,220,60,0,true,false,
3117,wm-lh-G_occipit-temp_lat-Or_fusiform,60,20,140,0,true,false,
3118,wm-lh-G_occipit-temp_med-Lingual_part,220,180,140,0,true,false,
3119,wm-lh-G_occipit-temp_med-Parahippocampal_part,65,100,20,0,true,false,
3120,wm-lh-G_orbital,220,60,20,0,true,false,
3121,wm-lh-G_paracentral,60,100,60,0,true,false,
3122,wm-lh-G_parietal_inferior-Angular_part,20,60,220,0,true,false,
3123,wm-lh-G_parietal_inferior-Supramarginal_part,100,100,60,0,true,false,
3124,wm-lh-G_parietal_superior,220,180,220,0,true,false,
3125,wm-lh-G_postcentral,20,180,140,0,true,false,
3126,wm-lh-G_precentral,60,140,180,0,true,false,
3127,wm-lh-G_precuneus,25,20,140,0,true,false,
3128,wm-lh-G_rectus,20,60,100,0,true,false,
3129,wm-lh-G_subcallosal,60,220,20,0,true,false,
3130,wm-lh-G_subcentral,60,20,220,0,true,false,
3131,wm-lh-G_temporal_inferior,220,220,100,0,true,false,
3132,wm-lh-G_temporal_middle,180,60,60,0,true,false,
3133,wm-lh-G_temp_sup-G_temp_transv_and_interm_S,60,60,220,0,true,false,
3134,wm-lh-G_temp_sup-Lateral_aspect,220,60,220,0,true,false,
3135,wm-lh-G_temp_sup-Planum_polare,65,220,60,0,true,false,
3136,wm-lh-G_temp_sup-Planum_tempolare,25,140,20,0,true,false,
3137,wm-lh-G_and_S_transverse_frontopolar,13,0,250,0,true,false,
3138,wm-lh-Lat_Fissure-ant_sgt-ramus_horizontal,61,20,220,0,true,false,
3139,wm-lh-Lat_Fissure-ant_sgt-ramus_vertical,61,20,60,0,true,false,
3140,wm-lh-Lat_Fissure-post_sgt,61,60,100,0,true,false,
3141,wm-lh-Medial_wall,25,25,25,0,true,false,
3142,wm-lh-Pole_occipital,140,20,60,0,true,false,
3143,wm-lh-Pole_temporal,220,180,20,0,true,false,
3144,wm-lh-S_calcarine,63,180,180,0,true,false,
3145,wm-lh-S_central,221,20,10,0,true,false,
3146,wm-lh-S_central_insula,21,220,20,0,true,false,
3147,wm-lh-S_cingulate-Main_part_and_Intracingulate,183,100,20,0,true,false,
3148,wm-lh-S_cingulate-Marginalis_part,221,20,100,0,true,false,
3149,wm-lh-S_circular_insula_anterior,221,60,140,0,true,false,
3150,wm-lh-S_circular_insula_inferior,221,20,220,0,true,false,
3151,wm-lh-S_circular_insula_superior,61,220,220,0,true,false,
3152,wm-lh-S_collateral_transverse_ant,100,200,200,0,true,false,
3153,wm-lh-S_collateral_transverse_post,10,200,200,0,true,false,
3154,wm-lh-S_frontal_inferior,221,220,20,0,true,false,
3155,wm-lh-S_frontal_middle,141,20,100,0,true,false,
3156,wm-lh-S_frontal_superior,61,220,100,0,true,false,
3157,wm-lh-S_frontomarginal,21,220,60,0,true,false,
3158,wm-lh-S_intermedius_primus-Jensen,141,60,20,0,true,false,
3159,wm-lh-S_intraparietal-and_Parietal_transverse,143,20,220,0,true,false,
3160,wm-lh-S_occipital_anterior,61,20,180,0,true,false,
3161,wm-lh-S_occipital_middle_and_Lunatus,101,60,220,0,true,false,
3162,wm-lh-S_occipital_superior_and_transversalis,21,20,140,0,true,false,
3163,wm-lh-S_occipito-temporal_lateral,221,140,20,0,true,false,
3164,wm-lh-S_occipito-temporal_medial_and_S_Lingual,141,100,220,0,true,false,
3165,wm-lh-S_orbital-H_shapped,101,20,20,0,true,false,
3166,wm-lh-S_orbital_lateral,221,100,20,0,true,false,
3167,wm-lh-S_orbital_medial-Or_olfactory,181,200,20,0,true,false,
3168,wm-lh-S_paracentral,21,180,140,0,true,false,
3169,wm-lh-S_parieto_occipital,101,100,180,0,true,false,
3170,wm-lh-S_pericallosal,181,220,20,0,true,false,
3171,wm-lh-S_postcentral,21,140,200,0,true,false,
3172,wm-lh-S_precentral-Inferior-part,21,20,240,0,true,false,
3173,wm-lh-S_precentral-Superior-part,21,20,200,0,true,false,
3174,wm-lh-S_subcentral_ant,61,180,60,0,true,false,
3175,wm-lh-S_subcentral_post,61,180,250,0,true,false,
3176,wm-lh-S_suborbital,21,20,60,0,true,false,
3177,wm-lh-S_subparietal,101,60,60,0,true,false,
3178,wm-lh-S_supracingulate,21,220,220,0,true,false,
3179,wm-lh-S_temporal_inferior,21,180,180,0,true,false,
3180,wm-lh-S_temporal_superior,223,220,60,0,true,false,
3181,wm-lh-S_temporal_transverse,221,60,60,0,true,false,
,,,,,,,,
4100,wm-rh-Unknown,0,0,0,0,false,true,
4101,wm-rh-Corpus_callosum,50,50,50,0,false,true,
4102,wm-rh-G_and_S_Insula_ONLY_AVERAGE,180,20,30,0,false,true,
4103,wm-rh-G_cingulate-Isthmus,60,25,25,0,false,true,
4104,wm-rh-G_cingulate-Main_part,25,60,60,0,false,true,
4105,wm-rh-G_cuneus,180,20,20,0,false,true,
4106,wm-rh-G_frontal_inf-Opercular_part,220,20,100,0,false,true,
4107,wm-rh-G_frontal_inf-Orbital_part,140,60,60,0,false,true,
4108,wm-rh-G_frontal_inf-Triangular_part,180,220,140,0,false,true,
4109,wm-rh-G_frontal_middle,140,100,180,0,false,true,
4110,wm-rh-G_frontal_superior,180,20,140,0,false,true,
4111,wm-rh-G_frontomarginal,140,20,140,0,false,true,
4112,wm-rh-G_insular_long,21,10,10,0,false,true,
4113,wm-rh-G_insular_short,225,140,140,0,false,true,
4114,wm-rh-G_and_S_occipital_inferior,23,60,180,0,false,true,
4115,wm-rh-G_occipital_middle,180,60,180,0,false,true,
4116,wm-rh-G_occipital_superior,20,220,60,0,false,true,
4117,wm-rh-G_occipit-temp_lat-Or_fusiform,60,20,140,0,false,true,
4118,wm-rh-G_occipit-temp_med-Lingual_part,220,180,140,0,false,true,
4119,wm-rh-G_occipit-temp_med-Parahippocampal_part,65,100,20,0,false,true,
4120,wm-rh-G_orbital,220,60,20,0,false,true,
4121,wm-rh-G_paracentral,60,100,60,0,false,true,
4122,wm-rh-G_parietal_inferior-Angular_part,20,60,220,0,false,true,
4123,wm-rh-G_parietal_inferior-Supramarginal_part,100,100,60,0,false,true,
4124,wm-rh-G_parietal_superior,220,180,220,0,false,true,
4125,wm-rh-G_postcentral,20,180,140,0,false,true,
4126,wm-rh-G_precentral,60,140,180,0,false,true,
4127,wm-rh-G_precuneus,25,20,140,0,false,true,
4128,wm-rh-G_rectus,20,60,100,0,false,true,
4129,wm-rh-G_subcallosal,60,220,20,0,false,true,
4130,wm-rh-G_subcentral,60,20,220,0,false,true,
4131,wm-rh-G_temporal_inferior,220,220,100,0,false,true,
4132,wm-rh-G_temporal_middle,180,60,60,0,false,true,
4133,wm-rh-G_temp_sup-G_temp_transv_and_interm_S,60,60,220,0,false,true,
4134,wm-rh-G_temp_sup-Lateral_aspect,220,60,220,0,false,true,
4135,wm-rh-G_temp_sup-Planum_polare,65,220,60,0,false,true,
4136,wm-rh-G_temp_sup-Planum_tempolare,25,140,20,0,false,true,
4137,wm-rh-G_and_S_transverse_frontopolar,13,0,250,0,false,true,
4138,wm-rh-Lat_Fissure-ant_sgt-ramus_horizontal,61,20,220,0,false,true,
4139,wm-rh-Lat_Fissure-ant_sgt-ramus_vertical,61,20,60,0,false,true,
4140,wm-rh-Lat_Fissure-post_sgt,61,60,100,0,false,true,
4141,wm-rh-Medial_wall,25,25,25,0,false,true,
4142,wm-rh-Pole_occipital,140,20,60,0,false,true,
4143,wm-rh-Pole_temporal,220,180,20,0,false,true,
4144,wm-rh-S_calcarine,63,180,180,0,false,true,
4145,wm-rh-S_central,221,20,10,0,false,true,
4146,wm-rh-S_central_insula,21,220,20,0,false,true,
4147,wm-rh-S_cingulate-Main_part_and_Intracingulate,183,100,20,0,false,true,
4148,wm-rh-S_cingulate-Marginalis_part,221,20,100,0,false,true,
4149,wm-rh-S_circular_insula_anterior,221,60,140,0,false,true,
4150,wm-rh-S_circular_insula_inferior,221,20,220,0,false,true,
4151,wm-rh-S_circular_insula_superior,61,220,220,0,false,true,
4152,wm-rh-S_collateral_transverse_ant,100,200,200,0,false,true,
4153,wm-rh-S_collateral_transverse_post,10,200,200,0,false,true,
4154,wm-rh-S_frontal_inferior,221,220,20,0,false,true,
4155,wm-rh-S_frontal_middle,141,20,100,0,false,true,
4156,wm-rh-S_frontal_superior,61,220,100,0,false,true,
4157,wm-rh-S_frontomarginal,21,220,60,0,false,true,
4158,wm-rh-S_intermedius_primus-Jensen,141,60,20,0,false,true,
4159,wm-rh-S_intraparietal-and_Parietal_transverse,143,20,220,0,false,true,
4160,wm-rh-S_occipital_anterior,61,20,180,0,false,true,
4161,wm-rh-S_occipital_middle_and_Lunatus,101,60,220,0,false,true,
4162,wm-rh-S_occipital_superior_and_transversalis,21,20,140,0,false,true,
4163,wm-rh-S_occipito-temporal_lateral,221,140,20,0,false,true,
4164,wm-rh-S_occipito-temporal_medial_and_S_Lingual,141,100,220,0,false,true,
4165,wm-rh-S_orbital-H_shapped,101,20,20,0,false,true,
4166,wm-rh-S_orbital_lateral,221,100,20,0,false,true,
4167,wm-rh-S_orbital_medial-Or_olfactory,181,200,20,0,false,true,
4168,wm-rh-S_paracentral,21,180,140,0,false,true,
4169,wm-rh-S_parieto_occipital,101,100,180,0,false,true,
4170,wm-rh-S_pericallosal,181,220,20,0,false,true,
4171,wm-rh-S_postcentral,21,140,200,0,false,true,
4172,wm-rh-S_precentral-Inferior-part,21,20,240,0,false,true,
4173,wm-rh-S_precentral-Superior-part,21,20,200,0,false,true,
4174,wm-rh-S_subcentral_ant,61,180,60,0,false,true,
4175,wm-rh-S_subcentral_post,61,180,250,0,false,true,
4176,wm-rh-S_suborbital,21,20,60,0,false,true,
4177,wm-rh-S_subparietal,101,60,60,0,false,true,
4178,wm-rh-S_supracingulate,21,220,220,0,false,true,
4179,wm-rh-S_temporal_inferior,21,180,180,0,false,true,
4180,wm-rh-S_temporal_superior,223,220,60,0,false,true,
4181,wm-rh-S_temporal_transverse,221,60,60,0,false,true,
,,,,,,,,
5001,Left-UnsegmentedWhiteMatter,20,30,40,0,true,false,
5002,Right-UnsegmentedWhiteMatter,20,30,40,0,false,true,
,,,,,,,,
#,Below,is,the,color,table,,,
,,,,,,,,
#No.,Label,Name:,R,G,B,Left,Right,
#,,,,,,,,
5100,fmajor,204,102,102,0,false,false,
5101,fminor,204,102,102,0,false,false,
#,,,,,,,,
5102,lh.atr,255,255,102,0,true,false,
5103,lh.cab,153,204,0,0,true,false,
5104,lh.ccg,0,153,153,0,true,false,
5105,lh.cst,204,153,255,0,true,false,
5106,lh.ilf,255,153,51,0,true,false,
5107,lh.slfp,204,204,204,0,true,false,
5108,lh.slft,153,255,255,0,true,false,
5109,lh.unc,102,153,255,0,true,false,
#,,,,,,,,
5110,rh.atr,255,255,102,0,false,true,
5111,rh.cab,153,204,0,0,false,true,
5112,rh.ccg,0,153,153,0,false,true,
5113,rh.cst,204,153,255,0,false,true,
5114,rh.ilf,255,153,51,0,false,true,
5115,rh.slfp,204,204,204,0,false,true,
5116,rh.slft,153,255,255,0,false,true,
5117,rh.unc,102,153,255,0,false,true,
,,,,,,,,
#,These,are,the,same,tracula,,,
5200,CC-ForcepsMajor,204,102,102,0,false,false,
5201,CC-ForcepsMinor,204,102,102,0,false,false,
5202,LAntThalRadiation,255,255,102,0,true,false,
5203,LCingulumAngBundle,153,204,0,0,true,false,
5204,LCingulumCingGyrus,0,153,153,0,true,false,
5205,LCorticospinalTract,204,153,255,0,true,false,
5206,LInfLongFas,255,153,51,0,true,false,
5207,LSupLongFasParietal,204,204,204,0,true,false,
5208,LSupLongFasTemporal,153,255,255,0,true,false,
5209,LUncinateFas,102,153,255,0,true,false,
5210,RAntThalRadiation,255,255,102,0,false,true,
5211,RCingulumAngBundle,153,204,0,0,false,true,
5212,RCingulumCingGyrus,0,153,153,0,false,true,
5213,RCorticospinalTract,204,153,255,0,false,true,
5214,RInfLongFas,255,153,51,0,false,true,
5215,RSupLongFasParietal,204,204,204,0,false,true,
5216,RSupLongFasTemporal,153,255,255,0,false,true,
5217,RUncinateFas,102,153,255,0,false,true,
,,,,,,,,
########################################,,,,,,,,
,,,,,,,,
6000,CST-orig,0,255,0,0,false,false,
6001,CST-hammer,255,255,0,0,false,false,
6002,CST-CVS,0,255,255,0,false,false,
6003,CST-flirt,0,0,255,0,false,false,
,,,,,,,,
6010,Left-SLF1,236,16,231,0,true,false,
6020,Right-SLF1,237,18,232,0,false,true,
,,,,,,,,
6030,Left-SLF3,236,13,227,0,true,false,
6040,Right-SLF3,236,17,228,0,false,true,
,,,,,,,,
6050,Left-CST,1,255,1,0,true,false,
6060,Right-CST,2,255,1,0,false,true,
,,,,,,,,
6070,Left-SLF2,236,14,230,0,true,false,
6080,Right-SLF2,237,14,230,0,false,true,
,,,,,,,,
#No.,Label,Name:,R,G,B,Left,Right,
,,,,,,,,
7001,Lateral-nucleus,72,132,181,0,false,false,
7002,Basolateral-nucleus,243,243,243,0,false,false,
7003,Basal-nucleus,207,63,79,0,false,false,
7004,Centromedial-nucleus,121,20,135,0,false,false,
7005,Central-nucleus,197,60,248,0,false,false,
7006,Medial-nucleus,2,149,2,0,false,false,
7007,Cortical-nucleus,221,249,166,0,false,false,
7008,Accessory-Basal-nucleus,232,146,35,0,false,false,
7009,Corticoamygdaloid-transitio,20,60,120,0,false,false,
7010,Anterior-amygdaloid-area-AAA,250,250,0,0,false,false,
7011,Fusion-amygdala-HP-FAH,122,187,222,0,false,false,
7012,Hippocampal-amygdala-transition-HATA,237,12,177,0,false,false,
7013,Endopiriform-nucleus,10,49,255,0,false,false,
7014,Lateral-nucleus-olfactory-tract,205,184,144,0,false,false,
7015,Paralaminar-nucleus,45,205,165,0,false,false,
7016,Intercalated-nucleus,117,160,175,0,false,false,
7017,Prepiriform-cortex,221,217,21,0,false,false,
7018,Periamygdaloid-cortex,20,60,120,0,false,false,
7019,Envelope-Amygdala,141,21,100,0,false,false,
7020,Extranuclear-Amydala,225,140,141,0,false,false,
,,,,,,,,
7100,Brainstem-inferior-colliculus,42,201,168,0,false,false,
7101,Brainstem-cochlear-nucleus,168,104,162,0,false,false,
,,,,,,,,
8001,Thalamus-Anterior,74,130,181,0,false,false,
8002,Thalamus-Ventral-anterior,242,241,240,0,false,false,
8003,Thalamus-Lateral-dorsal,206,65,78,0,false,false,
8004,Thalamus-Lateral-posterior,120,21,133,0,false,false,
8005,Thalamus-Ventral-lateral,195,61,246,0,false,false,
8006,Thalamus-Ventral-posterior-medial,3,147,6,0,false,false,
8007,Thalamus-Ventral-posterior-lateral,220,251,163,0,false,false,
8008,Thalamus-intralaminar,232,146,33,0,false,false,
8009,Thalamus-centromedian,4,114,14,0,false,false,
8010,Thalamus-mediodorsal,121,184,220,0,false,false,
8011,Thalamus-medial,235,11,175,0,false,false,
8012,Thalamus-pulvinar,12,46,250,0,false,false,
8013,Thalamus-lateral-geniculate,203,182,143,0,false,false,
8014,Thalamus-medial-geniculate,42,204,167,0,false,false,
,,,,,,,,
#,,,,,,,,
#,Labels,for,thalamus,parcellation,using,,,
#,Functional--Anatomical,Validation,and,Individual,Variation,,,
#,Tractography-based,Segmentation,of,the,Human,,,
#,January,"2005;15:31--39,","doi:10.1093/cercor/bhh105,",Advance,Access,,,
#,publication,July,"6,",2004,,,,
#,,,,,#REF!,,,
,,,,,,,,
#No.,Label,Name:,R,G,B,Left,Right,
9000,ctx-lh-prefrontal,30,5,30,0,true,false,
9001,ctx-lh-primary-motor,30,100,45,0,true,false,
9002,ctx-lh-premotor,130,100,165,0,true,false,
9003,ctx-lh-temporal,105,25,5,0,true,false,
9004,ctx-lh-posterior-parietal,125,70,55,0,true,false,
9005,ctx-lh-prim-sec-somatosensory,225,20,105,0,true,false,
9006,ctx-lh-occipital,225,20,15,0,true,false,
,,,,,,,,
9500,ctx-rh-prefrontal,30,55,30,0,false,true,
9501,ctx-rh-primary-motor,30,150,45,0,false,true,
9502,ctx-rh-premotor,130,150,165,0,false,true,
9503,ctx-rh-temporal,105,75,5,0,false,true,
9504,ctx-rh-posterior-parietal,125,120,55,0,false,true,
9505,ctx-rh-prim-sec-somatosensory,225,70,105,0,false,true,
9506,ctx-rh-occipital,225,70,15,0,false,true,
,,,,,,,,
#,Below,is,the,color,table,,,
#,created,by,mri_aparc2aseg,(with,#NAME?,,,
#,cortex,label,is,replaced,by,,,
#,cortical,labels,are,the,same,,,
#,except,that,left,hemisphere,has,,,
#,right,has,12100,added.,The,false,true,
#,"ctx_lh_,","ctx_rh_,",wm_lh_,and,wm_rh_,,,
#,to,differentiate,from,a2005s,labels).,,,
,,,,,,,,
#No.,Label,Name:,R,G,B,Left,Right,
11100,ctx_lh_Unknown,0,0,0,0,true,false,
11101,ctx_lh_G_and_S_frontomargin,23,220,60,0,true,false,
11102,ctx_lh_G_and_S_occipital_inf,23,60,180,0,true,false,
11103,ctx_lh_G_and_S_paracentral,63,100,60,0,true,false,
11104,ctx_lh_G_and_S_subcentral,63,20,220,0,volumetrue,false,
11105,ctx_lh_G_and_S_transv_frontopol,13,0,250,0,true,false,
11106,ctx_lh_G_and_S_cingul-Ant,26,60,0,0,true,false,
11107,ctx_lh_G_and_S_cingul-Mid-Ant,26,60,75,0,true,false,
11108,ctx_lh_G_and_S_cingul-Mid-Post,26,60,150,0,true,false,
11109,ctx_lh_G_cingul-Post-dorsal,25,60,250,0,true,false,
11110,ctx_lh_G_cingul-Post-ventral,60,25,25,0,true,false,
11111,ctx_lh_G_cuneus,180,20,20,0,true,false,
11112,ctx_lh_G_front_inf-Opercular,220,20,100,0,true,false,
11113,ctx_lh_G_front_inf-Orbital,140,60,60,0,true,false,
11114,ctx_lh_G_front_inf-Triangul,180,220,140,0,true,false,
11115,ctx_lh_G_front_middle,140,100,180,0,true,false,
11116,ctx_lh_G_front_sup,180,20,140,0,true,false,
11117,ctx_lh_G_Ins_lg_and_S_cent_ins,23,10,10,0,true,false,
11118,ctx_lh_G_insular_short,225,140,140,0,true,false,
11119,ctx_lh_G_occipital_middle,180,60,180,0,true,false,
11120,ctx_lh_G_occipital_sup,20,220,60,0,true,false,
11121,ctx_lh_G_oc-temp_lat-fusifor,60,20,140,0,true,false,
11122,ctx_lh_G_oc-temp_med-Lingual,220,180,140,0,true,false,
11123,ctx_lh_G_oc-temp_med-Parahip,65,100,20,0,true,false,
11124,ctx_lh_G_orbital,220,60,20,0,true,false,
11125,ctx_lh_G_pariet_inf-Angular,20,60,220,0,true,false,
11126,ctx_lh_G_pariet_inf-Supramar,100,100,60,0,true,false,
11127,ctx_lh_G_parietal_sup,220,180,220,0,true,false,
11128,ctx_lh_G_postcentral,20,180,140,0,true,false,
11129,ctx_lh_G_precentral,60,140,180,0,true,false,
11130,ctx_lh_G_precuneus,25,20,140,0,true,false,
11131,ctx_lh_G_rectus,20,60,100,0,true,false,
11132,ctx_lh_G_subcallosal,60,220,20,0,true,false,
11133,ctx_lh_G_temp_sup-G_T_transv,60,60,220,0,true,false,
11134,ctx_lh_G_temp_sup-Lateral,220,60,220,0,true,false,
11135,ctx_lh_G_temp_sup-Plan_polar,65,220,60,0,true,false,
11136,ctx_lh_G_temp_sup-Plan_tempo,25,140,20,0,true,false,
11137,ctx_lh_G_temporal_inf,220,220,100,0,true,false,
11138,ctx_lh_G_temporal_middle,180,60,60,0,true,false,
11139,ctx_lh_Lat_Fis-ant-Horizont,61,20,220,0,true,false,
11140,ctx_lh_Lat_Fis-ant-Vertical,61,20,60,0,true,false,
11141,ctx_lh_Lat_Fis-post,61,60,100,0,true,false,
11142,ctx_lh_Medial_wall,25,25,25,0,true,false,
11143,ctx_lh_Pole_occipital,140,20,60,0,true,false,
11144,ctx_lh_Pole_temporal,220,180,20,0,true,false,
11145,ctx_lh_S_calcarine,63,180,180,0,true,false,
11146,ctx_lh_S_central,221,20,10,0,true,false,
11147,ctx_lh_S_cingul-Marginalis,221,20,100,0,true,false,
11148,ctx_lh_S_circular_insula_ant,221,60,140,0,true,false,
11149,ctx_lh_S_circular_insula_inf,221,20,220,0,true,false,
11150,ctx_lh_S_circular_insula_sup,61,220,220,0,true,false,
11151,ctx_lh_S_collat_transv_ant,100,200,200,0,true,false,
11152,ctx_lh_S_collat_transv_post,10,200,200,0,true,false,
11153,ctx_lh_S_front_inf,221,220,20,0,true,false,
11154,ctx_lh_S_front_middle,141,20,100,0,true,false,
11155,ctx_lh_S_front_sup,61,220,100,0,true,false,
11156,ctx_lh_S_interm_prim-Jensen,141,60,20,0,true,false,
11157,ctx_lh_S_intrapariet_and_P_trans,143,20,220,0,true,false,
11158,ctx_lh_S_oc_middle_and_Lunatus,101,60,220,0,true,false,
11159,ctx_lh_S_oc_sup_and_transversal,21,20,140,0,true,false,
11160,ctx_lh_S_occipital_ant,61,20,180,0,true,false,
11161,ctx_lh_S_oc-temp_lat,221,140,20,0,true,false,
11162,ctx_lh_S_oc-temp_med_and_Lingual,141,100,220,0,true,false,
11163,ctx_lh_S_orbital_lateral,221,100,20,0,true,false,
11164,ctx_lh_S_orbital_med-olfact,181,200,20,0,true,false,
11165,ctx_lh_S_orbital-H_Shaped,101,20,20,0,true,false,
11166,ctx_lh_S_parieto_occipital,101,100,180,0,true,false,
11167,ctx_lh_S_pericallosal,181,220,20,0,true,false,
11168,ctx_lh_S_postcentral,21,140,200,0,true,false,
11169,ctx_lh_S_precentral-inf-part,21,20,240,0,true,false,
11170,ctx_lh_S_precentral-sup-part,21,20,200,0,true,false,
11171,ctx_lh_S_suborbital,21,20,60,0,true,false,
11172,ctx_lh_S_subparietal,101,60,60,0,true,false,
11173,ctx_lh_S_temporal_inf,21,180,180,0,true,false,
11174,ctx_lh_S_temporal_sup,223,220,60,0,true,false,
11175,ctx_lh_S_temporal_transverse,221,60,60,0,true,false,
,,,,,,,,
12100,ctx_rh_Unknown,0,0,0,0,false,true,
12101,ctx_rh_G_and_S_frontomargin,23,220,60,0,false,true,
12102,ctx_rh_G_and_S_occipital_inf,23,60,180,0,false,true,
12103,ctx_rh_G_and_S_paracentral,63,100,60,0,false,true,
12104,ctx_rh_G_and_S_subcentral,63,20,220,0,false,true,
12105,ctx_rh_G_and_S_transv_frontopol,13,0,250,0,false,true,
12106,ctx_rh_G_and_S_cingul-Ant,26,60,0,0,false,true,
12107,ctx_rh_G_and_S_cingul-Mid-Ant,26,60,75,0,false,true,
12108,ctx_rh_G_and_S_cingul-Mid-Post,26,60,150,0,false,true,
12109,ctx_rh_G_cingul-Post-dorsal,25,60,250,0,false,true,
12110,ctx_rh_G_cingul-Post-ventral,60,25,25,0,false,true,
12111,ctx_rh_G_cuneus,180,20,20,0,false,true,
12112,ctx_rh_G_front_inf-Opercular,220,20,100,0,false,true,
12113,ctx_rh_G_front_inf-Orbital,140,60,60,0,false,true,
12114,ctx_rh_G_front_inf-Triangul,180,220,140,0,false,true,
12115,ctx_rh_G_front_middle,140,100,180,0,false,true,
12116,ctx_rh_G_front_sup,180,20,140,0,false,true,
12117,ctx_rh_G_Ins_lg_and_S_cent_ins,23,10,10,0,false,true,
12118,ctx_rh_G_insular_short,225,140,140,0,false,true,
12119,ctx_rh_G_occipital_middle,180,60,180,0,false,true,
12120,ctx_rh_G_occipital_sup,20,220,60,0,false,true,
12121,ctx_rh_G_oc-temp_lat-fusifor,60,20,140,0,false,true,
12122,ctx_rh_G_oc-temp_med-Lingual,220,180,140,0,false,true,
12123,ctx_rh_G_oc-temp_med-Parahip,65,100,20,0,false,true,
12124,ctx_rh_G_orbital,220,60,20,0,false,true,
12125,ctx_rh_G_pariet_inf-Angular,20,60,220,0,false,true,
12126,ctx_rh_G_pariet_inf-Supramar,100,100,60,0,false,true,
12127,ctx_rh_G_parietal_sup,220,180,220,0,false,true,
12128,ctx_rh_G_postcentral,20,180,140,0,false,true,
12129,ctx_rh_G_precentral,60,140,180,0,false,true,
12130,ctx_rh_G_precuneus,25,20,140,0,false,true,
12131,ctx_rh_G_rectus,20,60,100,0,false,true,
12132,ctx_rh_G_subcallosal,60,220,20,0,false,true,
12133,ctx_rh_G_temp_sup-G_T_transv,60,60,220,0,false,true,
12134,ctx_rh_G_temp_sup-Lateral,220,60,220,0,false,true,
12135,ctx_rh_G_temp_sup-Plan_polar,65,220,60,0,false,true,
12136,ctx_rh_G_temp_sup-Plan_tempo,25,140,20,0,false,true,
12137,ctx_rh_G_temporal_inf,220,220,100,0,false,true,
12138,ctx_rh_G_temporal_middle,180,60,60,0,false,true,
12139,ctx_rh_Lat_Fis-ant-Horizont,61,20,220,0,false,true,
12140,ctx_rh_Lat_Fis-ant-Vertical,61,20,60,0,false,true,
12141,ctx_rh_Lat_Fis-post,61,60,100,0,false,true,
12142,ctx_rh_Medial_wall,25,25,25,0,false,true,
12143,ctx_rh_Pole_occipital,140,20,60,0,false,true,
12144,ctx_rh_Pole_temporal,220,180,20,0,false,true,
12145,ctx_rh_S_calcarine,63,180,180,0,false,true,
12146,ctx_rh_S_central,221,20,10,0,false,true,
12147,ctx_rh_S_cingul-Marginalis,221,20,100,0,false,true,
12148,ctx_rh_S_circular_insula_ant,221,60,140,0,false,true,
12149,ctx_rh_S_circular_insula_inf,221,20,220,0,false,true,
12150,ctx_rh_S_circular_insula_sup,61,220,220,0,false,true,
12151,ctx_rh_S_collat_transv_ant,100,200,200,0,false,true,
12152,ctx_rh_S_collat_transv_post,10,200,200,0,false,true,
12153,ctx_rh_S_front_inf,221,220,20,0,false,true,
12154,ctx_rh_S_front_middle,141,20,100,0,false,true,
12155,ctx_rh_S_front_sup,61,220,100,0,false,true,
12156,ctx_rh_S_interm_prim-Jensen,141,60,20,0,false,true,
12157,ctx_rh_S_intrapariet_and_P_trans,143,20,220,0,false,true,
12158,ctx_rh_S_oc_middle_and_Lunatus,101,60,220,0,false,true,
12159,ctx_rh_S_oc_sup_and_transversal,21,20,140,0,false,true,
12160,ctx_rh_S_occipital_ant,61,20,180,0,false,true,
12161,ctx_rh_S_oc-temp_lat,221,140,20,0,false,true,
12162,ctx_rh_S_oc-temp_med_and_Lingual,141,100,220,0,false,true,
12163,ctx_rh_S_orbital_lateral,221,100,20,0,false,true,
12164,ctx_rh_S_orbital_med-olfact,181,200,20,0,false,true,
12165,ctx_rh_S_orbital-H_Shaped,101,20,20,0,false,true,
12166,ctx_rh_S_parieto_occipital,101,100,180,0,false,true,
12167,ctx_rh_S_pericallosal,181,220,20,0,false,true,
12168,ctx_rh_S_postcentral,21,140,200,0,false,true,
12169,ctx_rh_S_precentral-inf-part,21,20,240,0,false,true,
12170,ctx_rh_S_precentral-sup-part,21,20,200,0,false,true,
12171,ctx_rh_S_suborbital,21,20,60,0,false,true,
12172,ctx_rh_S_subparietal,101,60,60,0,false,true,
12173,ctx_rh_S_temporal_inf,21,180,180,0,false,true,
12174,ctx_rh_S_temporal_sup,223,220,60,0,false,true,
12175,ctx_rh_S_temporal_transverse,221,60,60,0,false,true,
,,,,,,,,
#No.,Label,Name:,R,G,B,Left,Right,
13100,wm_lh_Unknown,0,0,0,0,true,false,
13101,wm_lh_G_and_S_frontomargin,23,220,60,0,true,false,
13102,wm_lh_G_and_S_occipital_inf,23,60,180,0,true,false,
13103,wm_lh_G_and_S_paracentral,63,100,60,0,true,false,
13104,wm_lh_G_and_S_subcentral,63,20,220,0,true,false,
13105,wm_lh_G_and_S_transv_frontopol,13,0,250,0,true,false,
13106,wm_lh_G_and_S_cingul-Ant,26,60,0,0,true,false,
13107,wm_lh_G_and_S_cingul-Mid-Ant,26,60,75,0,true,false,
13108,wm_lh_G_and_S_cingul-Mid-Post,26,60,150,0,true,false,
13109,wm_lh_G_cingul-Post-dorsal,25,60,250,0,true,false,
13110,wm_lh_G_cingul-Post-ventral,60,25,25,0,true,false,
13111,wm_lh_G_cuneus,180,20,20,0,true,false,
13112,wm_lh_G_front_inf-Opercular,220,20,100,0,true,false,
13113,wm_lh_G_front_inf-Orbital,140,60,60,0,true,false,
13114,wm_lh_G_front_inf-Triangul,180,220,140,0,true,false,
13115,wm_lh_G_front_middle,140,100,180,0,true,false,
13116,wm_lh_G_front_sup,180,20,140,0,true,false,
13117,wm_lh_G_Ins_lg_and_S_cent_ins,23,10,10,0,true,false,
13118,wm_lh_G_insular_short,225,140,140,0,true,false,
13119,wm_lh_G_occipital_middle,180,60,180,0,true,false,
13120,wm_lh_G_occipital_sup,20,220,60,0,true,false,
13121,wm_lh_G_oc-temp_lat-fusifor,60,20,140,0,true,false,
13122,wm_lh_G_oc-temp_med-Lingual,220,180,140,0,true,false,
13123,wm_lh_G_oc-temp_med-Parahip,65,100,20,0,true,false,
13124,wm_lh_G_orbital,220,60,20,0,true,false,
13125,wm_lh_G_pariet_inf-Angular,20,60,220,0,true,false,
13126,wm_lh_G_pariet_inf-Supramar,100,100,60,0,true,false,
13127,wm_lh_G_parietal_sup,220,180,220,0,true,false,
13128,wm_lh_G_postcentral,20,180,140,0,true,false,
13129,wm_lh_G_precentral,60,140,180,0,true,false,
13130,wm_lh_G_precuneus,25,20,140,0,true,false,
13131,wm_lh_G_rectus,20,60,100,0,true,false,
13132,wm_lh_G_subcallosal,60,220,20,0,true,false,
13133,wm_lh_G_temp_sup-G_T_transv,60,60,220,0,true,false,
13134,wm_lh_G_temp_sup-Lateral,220,60,220,0,true,false,
13135,wm_lh_G_temp_sup-Plan_polar,65,220,60,0,true,false,
13136,wm_lh_G_temp_sup-Plan_tempo,25,140,20,0,true,false,
13137,wm_lh_G_temporal_inf,220,220,100,0,true,false,
13138,wm_lh_G_temporal_middle,180,60,60,0,true,false,
13139,wm_lh_Lat_Fis-ant-Horizont,61,20,220,0,true,false,
13140,wm_lh_Lat_Fis-ant-Vertical,61,20,60,0,true,false,
13141,wm_lh_Lat_Fis-post,61,60,100,0,true,false,
13142,wm_lh_Medial_wall,25,25,25,0,true,false,
13143,wm_lh_Pole_occipital,140,20,60,0,true,false,
13144,wm_lh_Pole_temporal,220,180,20,0,true,false,
13145,wm_lh_S_calcarine,63,180,180,0,true,false,
13146,wm_lh_S_central,221,20,10,0,true,false,
13147,wm_lh_S_cingul-Marginalis,221,20,100,0,true,false,
13148,wm_lh_S_circular_insula_ant,221,60,140,0,true,false,
13149,wm_lh_S_circular_insula_inf,221,20,220,0,true,false,
13150,wm_lh_S_circular_insula_sup,61,220,220,0,true,false,
13151,wm_lh_S_collat_transv_ant,100,200,200,0,true,false,
13152,wm_lh_S_collat_transv_post,10,200,200,0,true,false,
13153,wm_lh_S_front_inf,221,220,20,0,true,false,
13154,wm_lh_S_front_middle,141,20,100,0,true,false,
13155,wm_lh_S_front_sup,61,220,100,0,true,false,
13156,wm_lh_S_interm_prim-Jensen,141,60,20,0,true,false,
13157,wm_lh_S_intrapariet_and_P_trans,143,20,220,0,true,false,
13158,wm_lh_S_oc_middle_and_Lunatus,101,60,220,0,true,false,
13159,wm_lh_S_oc_sup_and_transversal,21,20,140,0,true,false,
13160,wm_lh_S_occipital_ant,61,20,180,0,true,false,
13161,wm_lh_S_oc-temp_lat,221,140,20,0,true,false,
13162,wm_lh_S_oc-temp_med_and_Lingual,141,100,220,0,true,false,
13163,wm_lh_S_orbital_lateral,221,100,20,0,true,false,
13164,wm_lh_S_orbital_med-olfact,181,200,20,0,true,false,
13165,wm_lh_S_orbital-H_Shaped,101,20,20,0,true,false,
13166,wm_lh_S_parieto_occipital,101,100,180,0,true,false,
13167,wm_lh_S_pericallosal,181,220,20,0,true,false,
13168,wm_lh_S_postcentral,21,140,200,0,true,false,
13169,wm_lh_S_precentral-inf-part,21,20,240,0,true,false,
13170,wm_lh_S_precentral-sup-part,21,20,200,0,true,false,
13171,wm_lh_S_suborbital,21,20,60,0,true,false,
13172,wm_lh_S_subparietal,101,60,60,0,true,false,
13173,wm_lh_S_temporal_inf,21,180,180,0,true,false,
13174,wm_lh_S_temporal_sup,223,220,60,0,true,false,
13175,wm_lh_S_temporal_transverse,221,60,60,0,true,false,
,,,,,,,,
14100,wm_rh_Unknown,0,0,0,0,false,true,
14101,wm_rh_G_and_S_frontomargin,23,220,60,0,false,true,
14102,wm_rh_G_and_S_occipital_inf,23,60,180,0,false,true,
14103,wm_rh_G_and_S_paracentral,63,100,60,0,false,true,
14104,wm_rh_G_and_S_subcentral,63,20,220,0,false,true,
14105,wm_rh_G_and_S_transv_frontopol,13,0,250,0,false,true,
14106,wm_rh_G_and_S_cingul-Ant,26,60,0,0,false,true,
14107,wm_rh_G_and_S_cingul-Mid-Ant,26,60,75,0,false,true,
14108,wm_rh_G_and_S_cingul-Mid-Post,26,60,150,0,false,true,
14109,wm_rh_G_cingul-Post-dorsal,25,60,250,0,false,true,
14110,wm_rh_G_cingul-Post-ventral,60,25,25,0,false,true,
14111,wm_rh_G_cuneus,180,20,20,0,false,true,
14112,wm_rh_G_front_inf-Opercular,220,20,100,0,false,true,
14113,wm_rh_G_front_inf-Orbital,140,60,60,0,false,true,
14114,wm_rh_G_front_inf-Triangul,180,220,140,0,false,true,
14115,wm_rh_G_front_middle,140,100,180,0,false,true,
14116,wm_rh_G_front_sup,180,20,140,0,false,true,
14117,wm_rh_G_Ins_lg_and_S_cent_ins,23,10,10,0,false,true,
14118,wm_rh_G_insular_short,225,140,140,0,false,true,
14119,wm_rh_G_occipital_middle,180,60,180,0,false,true,
14120,wm_rh_G_occipital_sup,20,220,60,0,false,true,
14121,wm_rh_G_oc-temp_lat-fusifor,60,20,140,0,false,true,
14122,wm_rh_G_oc-temp_med-Lingual,220,180,140,0,false,true,
14123,wm_rh_G_oc-temp_med-Parahip,65,100,20,0,false,true,
14124,wm_rh_G_orbital,220,60,20,0,false,true,
14125,wm_rh_G_pariet_inf-Angular,20,60,220,0,false,true,
14126,wm_rh_G_pariet_inf-Supramar,100,100,60,0,false,true,
14127,wm_rh_G_parietal_sup,220,180,220,0,false,true,
14128,wm_rh_G_postcentral,20,180,140,0,false,true,
14129,wm_rh_G_precentral,60,140,180,0,false,true,
14130,wm_rh_G_precuneus,25,20,140,0,false,true,
14131,wm_rh_G_rectus,20,60,100,0,false,true,
14132,wm_rh_G_subcallosal,60,220,20,0,false,true,
14133,wm_rh_G_temp_sup-G_T_transv,60,60,220,0,false,true,
14134,wm_rh_G_temp_sup-Lateral,220,60,220,0,false,true,
14135,wm_rh_G_temp_sup-Plan_polar,65,220,60,0,false,true,
14136,wm_rh_G_temp_sup-Plan_tempo,25,140,20,0,false,true,
14137,wm_rh_G_temporal_inf,220,220,100,0,false,true,
14138,wm_rh_G_temporal_middle,180,60,60,0,false,true,
14139,wm_rh_Lat_Fis-ant-Horizont,61,20,220,0,false,true,
14140,wm_rh_Lat_Fis-ant-Vertical,61,20,60,0,false,true,
14141,wm_rh_Lat_Fis-post,61,60,100,0,false,true,
14142,wm_rh_Medial_wall,25,25,25,0,false,true,
14143,wm_rh_Pole_occipital,140,20,60,0,false,true,
14144,wm_rh_Pole_temporal,220,180,20,0,false,true,
14145,wm_rh_S_calcarine,63,180,180,0,false,true,
14146,wm_rh_S_central,221,20,10,0,false,true,
14147,wm_rh_S_cingul-Marginalis,221,20,100,0,false,true,
14148,wm_rh_S_circular_insula_ant,221,60,140,0,false,true,
14149,wm_rh_S_circular_insula_inf,221,20,220,0,false,true,
14150,wm_rh_S_circular_insula_sup,61,220,220,0,false,true,
14151,wm_rh_S_collat_transv_ant,100,200,200,0,false,true,
14152,wm_rh_S_collat_transv_post,10,200,200,0,false,true,
14153,wm_rh_S_front_inf,221,220,20,0,false,true,
14154,wm_rh_S_front_middle,141,20,100,0,false,true,
14155,wm_rh_S_front_sup,61,220,100,0,false,true,
14156,wm_rh_S_interm_prim-Jensen,141,60,20,0,false,true,
14157,wm_rh_S_intrapariet_and_P_trans,143,20,220,0,false,true,
14158,wm_rh_S_oc_middle_and_Lunatus,101,60,220,0,false,true,
14159,wm_rh_S_oc_sup_and_transversal,21,20,140,0,false,true,
14160,wm_rh_S_occipital_ant,61,20,180,0,false,true,
14161,wm_rh_S_oc-temp_lat,221,140,20,0,false,true,
14162,wm_rh_S_oc-temp_med_and_Lingual,141,100,220,0,false,true,
14163,wm_rh_S_orbital_lateral,221,100,20,0,false,true,
14164,wm_rh_S_orbital_med-olfact,181,200,20,0,false,true,
14165,wm_rh_S_orbital-H_Shaped,101,20,20,0,false,true,
14166,wm_rh_S_parieto_occipital,101,100,180,0,false,true,
14167,wm_rh_S_pericallosal,181,220,20,0,false,true,
14168,wm_rh_S_postcentral,21,140,200,0,false,true,
14169,wm_rh_S_precentral-inf-part,21,20,240,0,false,true,
14170,wm_rh_S_precentral-sup-part,21,20,200,0,false,true,
14171,wm_rh_S_suborbital,21,20,60,0,false,true,
14172,wm_rh_S_subparietal,101,60,60,0,false,true,
14173,wm_rh_S_temporal_inf,21,180,180,0,false,true,
14174,wm_rh_S_temporal_sup,223,220,60,0,false,true,
14175,wm_rh_S_temporal_transverse,221,60,60,0,false,true,